"playerId","shirtNumber","position",positionAcronym,"fullName","dateOfBirth","teamId","team","height","weight","goals","penalty","yellowCards","redCards"
"BIDU-1","1","Thủ môn",GK,"Nguyễn Sơn Hải","06-05-1994","BIDU","Becamex Bình Dương","186","76","0","0","1","0"
"BIDU-2","2","Hậu vệ",DF,"Nguyễn Hùng Thiện Đức","08-12-1999","BIDU","Becamex Bình Dương","169","66","0","0","0","0"
"BIDU-3","3","Hậu vệ",DF,"Nguyễn Thanh Thảo","14-05-1995","BIDU","Becamex Bình Dương","178","67","0","0","0","0"
"BIDU-4","4","Hậu vệ",DF,"Ndiaye Guy Olivier","05-05-1994","BIDU","Becamex Bình Dương","192","91","0","0","0","0"
"BIDU-5","5","Hậu vệ",DF,"Uông Ngọc Tiến","23-03-2000","BIDU","Becamex Bình Dương","168","63","0","0","0","0"
"BIDU-6","6","Tiền vệ",MF,"Nguyễn Trọng Huy","25-06-1997","BIDU","Becamex Bình Dương","179","71","0","0","0","0"
"BIDU-7","7","Hậu vệ",DF,"Nguyễn Thanh Long","10-01-1993","BIDU","Becamex Bình Dương","182","80","0","0","1","0"
"BIDU-8","8","Hậu vệ",DF,"Nguyễn Anh Tài","05-02-1996","BIDU","Becamex Bình Dương","168","70","0","0","0","0"
"BIDU-9","9","Tiền vệ",MF,"Đoàn Tuấn Cảnh","27-07-1998","BIDU","Becamex Bình Dương","175","63","0","0","0","0"
"BIDU-10","10","Tiền đạo",ST,"Teofilo Soares Eydison","30-05-1988","BIDU","Becamex Bình Dương","178","82","0","0","0","0"
"BIDU-11","11","Tiền đạo",ST,"Bùi Vĩ Hào","24-02-2003","BIDU","Becamex Bình Dương","180","69","0","0","0","0"
"BIDU-12","12","Tiền vệ",MF,"Trần Duy Khánh","20-07-1997","BIDU","Becamex Bình Dương","171","69","0","0","0","0"
"BIDU-13","13","Thủ môn",GK,"Nguyễn Huỳnh Văn Bin","12-01-2002","BIDU","Becamex Bình Dương","178","69","0","0","0","0"
"BIDU-14","14","Tiền vệ",MF,"Trần Hoàng Phương","11-04-1994","BIDU","Becamex Bình Dương","167","62","0","0","0","0"
"BIDU-15","15","Hậu vệ",DF,"Trương Dũ Đạt","25-07-1997","BIDU","Becamex Bình Dương","180","75","0","0","0","0"
"BIDU-16","16","Tiền đạo",ST,"Nguyễn Trần Việt Cường","27-12-2000","BIDU","Becamex Bình Dương","174","63","0","0","0","0"
"BIDU-17","17","Tiền vệ",MF,"Tống Anh Tỷ","24-01-1997","BIDU","Becamex Bình Dương","172","67","0","0","0","0"
"BIDU-18","18","Tiền đạo",ST,"Hồ Sỹ Giáp","18-04-1994","BIDU","Becamex Bình Dương","176","67","1","0","1","0"
"BIDU-19","19","Tiền vệ",MF,"Lưu Tự Nhân","18-12-2001","BIDU","Becamex Bình Dương","178","67","0","0","0","0"
"BIDU-20","20","Hậu vệ",DF,"Đoàn Văn Quý","02-01-1998","BIDU","Becamex Bình Dương","171","64","0","0","0","0"
"BIDU-22","22","Tiền đạo",ST,"Nguyễn Tiến Linh","20-10-1997","BIDU","Becamex Bình Dương","178","67","1","0","0","0"
"BIDU-23","23","Tiền đạo",ST,"Hà Trung Hậu","03-10-2002","BIDU","Becamex Bình Dương","178","73","0","0","0","0"
"BIDU-24","24","Tiền vệ",MF,"Trần Hoàng Bảo","15-05-2001","BIDU","Becamex Bình Dương","176","58","0","0","0","0"
"BIDU-25","25","Thủ môn",GK,"Trần Đức Cường","20-05-1985","BIDU","Becamex Bình Dương","183","75","0","0","0","0"
"BIDU-26","26","Tiền vệ",MF,"Lê Vũ Quốc Nhật","16-10-1996","BIDU","Becamex Bình Dương","171","64","0","0","0","0"
"BIDU-27","27","Hậu vệ",DF,"Nguyễn Trung Tín","14-09-1991","BIDU","Becamex Bình Dương","178","75","0","0","0","0"
"BIDU-28","28","Tiền vệ",MF,"Tô Văn Vũ","20-10-1993","BIDU","Becamex Bình Dương","171","62","0","0","2","0"
"BIDU-29","29","Tiền vệ",MF,"Võ Hoàng Minh Khoa","12-03-2001","BIDU","Becamex Bình Dương","173","68","0","0","1","0"
"BIDU-30","30","Thủ môn",GK,"Lại Tuấn Vũ","03-02-1993","BIDU","Becamex Bình Dương","183","76","0","0","0","0"
"BIDU-33","33","Hậu vệ",DF,"Lê Văn Đại","02-08-1996","BIDU","Becamex Bình Dương","181","78","0","0","0","0"
"BIDU-39","39","Tiền đạo",ST,"Ceesay Dawda","1993","BIDU","Becamex Bình Dương","185","86","0","0","0","0"
"BIDU-46","46","Thủ môn",GK,"Phan Minh Thành","22-11-1998","BIDU","Becamex Bình Dương","192","78","0","0","0","0"
"THH-1","1","Thủ môn",GK,"Lương Bá Sơn","10-10-1992","THH","Đông Á Thanh Hóa","180","74","0","0","0","0"
"THH-2","2","Tiền vệ",MF,"Hoàng Đình Tùng","24-08-1988","THH","Đông Á Thanh Hóa","167","60","0","0","0","0"
"THH-3","3","Hậu vệ",DF,"Vũ Xuân Cường","06-08-1992","THH","Đông Á Thanh Hóa","171","70","0","0","0","0"
"THH-4","4","Hậu vệ",DF,"Đàm Tiến Dũng","10-01-1996","THH","Đông Á Thanh Hóa","178","75","0","0","1","0"
"THH-5","5","Tiền vệ",MF,"Nguyễn Minh Tùng","09-08-1992","THH","Đông Á Thanh Hóa","183","76","0","0","0","0"
"THH-7","7","Tiền vệ",MF,"Nguyễn Hữu Dũng","28-08-1995","THH","Đông Á Thanh Hóa","170","60","0","0","0","0"
"THH-8","8","Tiền vệ",MF,"Jose Paulo De Oliveira Pinto","26-03-1994","THH","Đông Á Thanh Hóa","188","91","0","0","0","0"
"THH-9","9","Tiền vệ",MF,"Lê Xuân Hùng","14-11-1991","THH","Đông Á Thanh Hóa","168","62","0","0","0","0"
"THH-10","10","Tiền vệ",MF,"Lê Văn Thắng","08-02-1990","THH","Đông Á Thanh Hóa","177","69","1","0","0","0"
"THH-11","11","Tiền vệ",MF,"Lê Phạm Thành Long","05-06-1996","THH","Đông Á Thanh Hóa","165","64","0","0","0","0"
"THH-12","12","Tiền vệ",MF,"Nguyễn Thái Sơn","13-07-2003","THH","Đông Á Thanh Hóa","171","61","0","0","0","0"
"THH-15","15","Hậu vệ",DF,"Trịnh Văn Lợi","26-05-1995","THH","Đông Á Thanh Hóa","180","70","0","0","0","0"
"THH-16","16","Tiền vệ",MF,"Đinh Tiến Thành","24-01-1991","THH","Đông Á Thanh Hóa","185","71","0","0","0","0"
"THH-17","17","Hậu vệ",DF,"Trịnh Đình Hùng","03-09-1995","THH","Đông Á Thanh Hóa","175","69","0","0","0","0"
"THH-18","18","Tiền vệ",MF,"Nguyễn Văn Tiếp","21-11-2003","THH","Đông Á Thanh Hóa","174","64","0","0","0","0"
"THH-19","19","Tiền vệ",MF,"Lê Quốc Phương","19-05-1991","THH","Đông Á Thanh Hóa","165","59","0","0","0","0"
"THH-20","20","Tiền vệ",MF,"Nguyễn Trọng Hùng","03-10-1997","THH","Đông Á Thanh Hóa","171","66","0","0","0","0"
"THH-21","21","Hậu vệ",DF,"Nguyễn Đình Huyên","12-08-2001","THH","Đông Á Thanh Hóa","178","70","0","0","0","0"
"THH-23","23","Thủ môn",GK,"Trịnh Xuân Hoàng","06-11-2000","THH","Đông Á Thanh Hóa","184","79","0","0","0","0"
"THH-25","25","Thủ môn",GK,"Nguyễn Thanh Diệp","06-09-1991","THH","Đông Á Thanh Hóa","180","73","0","0","0","0"
"THH-26","26","Thủ môn",GK,"Trần Bữu Ngọc","26-02-1991","THH","Đông Á Thanh Hóa","190","94","0","0","0","0"
"THH-30","30","Tiền vệ",MF,"Đỗ Văn Đạt","09-01-2000","THH","Đông Á Thanh Hóa","171","68","0","0","0","0"
"THH-31","31","Tiền đạo",ST,"Lê Văn Cường","17-06-2003","THH","Đông Á Thanh Hóa","178","69","0","0","0","0"
"THH-32","32","Tiền vệ",MF,"Lê Ngọc Nam","26-02-1993","THH","Đông Á Thanh Hóa","166","65","0","0","0","0"
"THH-34","34","Hậu vệ",DF,"Doãn Ngọc Tân","15-08-1994","THH","Đông Á Thanh Hóa","169","58","0","0","1","0"
"THH-42","42","Hậu vệ",DF,"Victor Kamhuka","02-04-1990","THH","Đông Á Thanh Hóa","192","90","0","0","1","0"
"THH-89","89","Tiền vệ",MF,"Lục Xuân Hưng","15-04-1995","THH","Đông Á Thanh Hóa","180","75","0","0","0","0"
"THH-93","93","Tiền đạo",ST,"Paulo Henrique Ribeiro Silva","02-07-1993","THH","Đông Á Thanh Hóa","183","88","0","0","0","0"
"THH-98","98","Tiền vệ",MF,"Nguyễn Hữu Lâm","16-08-1998","THH","Đông Á Thanh Hóa","185","81","0","0","0","0"
"HAN-1","1","Thủ môn",GK,"Bùi Tấn Trường","19-02-1986","HAN","Hà Nội","188","88","0","0","0","0"
"HAN-5","5","Hậu vệ",DF,"Đoàn Văn Hậu","19-04-1999","HAN","Hà Nội","186","82","0","0","0","0"
"HAN-6","6","Tiền vệ",MF,"Vũ Minh Tuấn","19-09-1990","HAN","Hà Nội","174","66","0","0","0","0"
"HAN-8","8","Tiền vệ",MF,"Đậu Văn Toàn","07-04-1997","HAN","Hà Nội","170","69","0","0","0","0"
"HAN-9","9","Tiền đạo",ST,"Phạm Tuấn Hải","19-05-1998","HAN","Hà Nội","172","68","0","0","0","0"
"HAN-10","10","Tiền đạo",ST,"Nguyễn Văn Quyết","01-07-1991","HAN","Hà Nội","172","65","0","0","0","0"
"HAN-11","11","Tiền vệ",MF,"Phạm Thành Lương","10-09-1988","HAN","Hà Nội","166","62","0","0","0","0"
"HAN-13","13","Hậu vệ",DF,"Trần Văn Kiên","13-05-1996","HAN","Hà Nội","168","64","0","0","0","0"
"HAN-14","14","Tiền vệ",MF,"Nguyễn Hai Long","27-08-2000","HAN","Hà Nội","168","63","0","0","0","0"
"HAN-15","15","Tiền vệ",MF,"Phạm Đức Huy","20-01-1995","HAN","Hà Nội","172","69","0","0","0","0"
"HAN-16","16","Hậu vệ",DF,"Nguyễn Thành Chung","29-03-1997","HAN","Hà Nội","180","70","0","0","0","0"
"HAN-17","17","Hậu vệ",DF,"Đặng Văn Tới","12-01-1999","HAN","Hà Nội","178","73","0","0","0","0"
"HAN-18","18","Thủ môn",GK,"Nguyễn Văn Công","01-08-1992","HAN","Hà Nội","182","84","0","0","0","0"
"HAN-19","19","Tiền vệ",MF,"Nguyễn Quang Hải","12-04-1997","HAN","Hà Nội","168","65","0","0","0","0"
"HAN-20","20","Hậu vệ",DF,"Bùi Hoàng Việt Anh","01-01-1999","HAN","Hà Nội","186","77","0","0","0","0"
"HAN-22","22","Tiền đạo",ST,"Josip Ivancic","29-03-1993","HAN","Hà Nội","192","88","0","0","0","0"
"HAN-25","25","Tiền đạo",ST,"Lê Xuân Tú","06-09-1999","HAN","Hà Nội","180","70","0","0","0","0"
"HAN-26","26","Tiền vệ",MF,"Nguyễn Tuấn Anh","07-07-1999","HAN","Hà Nội","168","63","0","0","0","0"
"HAN-27","27","Hậu vệ",DF,"Vũ Tiến Long","04-04-2002","HAN","Hà Nội","174","72","0","0","0","0"
"HAN-28","28","Hậu vệ",DF,"Đỗ Duy Mạnh","29-09-1996","HAN","Hà Nội","180","70","0","0","0","0"
"HAN-29","29","Tiền vệ",MF,"Ngô Đức Hoàng","16-09-2002","HAN","Hà Nội","178","74","0","0","0","0"
"HAN-31","31","Thủ môn",GK,"Nguyễn Bá Minh Hiếu","23-05-1997","HAN","Hà Nội","184","80","0","0","0","0"
"HAN-32","32","Tiền vệ",MF,"Zec Đuro","06-03-1990","HAN","Hà Nội","178","75","0","0","0","0"
"HAN-37","37","Thủ môn",GK,"Quan Văn Chuẩn","07-01-2001","HAN","Hà Nội","181","71","0","0","0","0"
"HAN-45","45","Hậu vệ",DF,"Lê Văn Xuân","27-02-1999","HAN","Hà Nội","168","69","0","0","0","0"
"HAN-52","52","Hậu vệ",DF,"Nguyễn Văn Vĩ","12-02-1998","HAN","Hà Nội","169","65","0","0","0","0"
"HAN-65","65","Tiền vệ",MF,"Trần Văn Đạt","26-12-2000","HAN","Hà Nội","175","68","0","0","0","0"
"HAN-66","66","Hậu vệ",DF,"Nguyễn Văn Dũng","14-04-1994","HAN","Hà Nội","180","75","0","0","0","0"
"HAN-74","74","Tiền vệ",MF,"Trương Văn Thái Quý","22-08-1997","HAN","Hà Nội","168","64","0","0","0","0"
"HAN-88","88","Tiền vệ",MF,"Đỗ Hùng Dũng","08-09-1993","HAN","Hà Nội","170","66","0","0","0","0"
"HAN-89","89","Tiền đạo",ST,"Nguyễn Văn Tùng","02-06-2001","HAN","Hà Nội","180","65","0","0","0","0"
"HAN-99","99","Tiền vệ",MF,"Siladi Vladimir",,"HAN","Hà Nội","180","79","0","0","0","0"
"HAP-1","1","Thủ môn",GK,"Nguyễn Đình Triệu","04-11-1991","HAP","Hải Phòng","178","75","0","0","0","0"
"HAP-2","2","Hậu vệ",DF,"Nguyễn Anh Hùng","14-08-1992","HAP","Hải Phòng","166","66","0","0","0","0"
"HAP-3","3","Hậu vệ",DF,"Nguyễn Trọng Hiếu","17-01-2001","HAP","Hải Phòng","178","75","0","0","0","0"
"HAP-4","4","Hậu vệ",DF,"Nguyễn Cảnh Anh","12-01-2000","HAP","Hải Phòng","180","70","0","0","0","0"
"HAP-5","5","Trung vệ",CB,"Đào Duy Khánh","30-01-1994","HAP","Hải Phòng","180","76","0","0","0","0"
"HAP-6","6","Tiền vệ",MF,"Martin Lo","03-09-1997","HAP","Hải Phòng","165","65","0","0","0","0"
"HAP-7","7","Tiền đạo",ST,"Mpande Joseph Mbolimbo","23-03-1994","HAP","Hải Phòng","185","88","1","0","0","0"
"HAP-8","8","Tiền vệ",MF,"Moses Oloya","22-10-1992","HAP","Hải Phòng","182","82","0","0","0","0"
"HAP-9","9","Tiền đạo",ST,"Rimario Allando Gordon","06-07-1994","HAP","Hải Phòng","177","86","2","0","1","0"
"HAP-10","10","Tiền vệ",MF,"Châu Ngọc Quang","01-02-1996","HAP","Hải Phòng","170","60","0","0","1","0"
"HAP-11","11","Hậu vệ",DF,"Lê Trung Hiếu","16-02-1994","HAP","Hải Phòng","169","65","0","0","0","0"
"HAP-12","12","Hậu vệ",DF,"Trịnh Hoa Hùng","07-11-1991","HAP","Hải Phòng","173","68","0","0","0","0"
"HAP-14","14","Tiền vệ",MF,"Nguyễn Hải Huy","18-06-1991","HAP","Hải Phòng","172","67","0","0","0","0"
"HAP-16","16","Hậu vệ",DF,"Bùi Tiến Dụng","23-11-1998","HAP","Hải Phòng","175","73","0","0","0","0"
"HAP-17","17","Hậu vệ",DF,"Phạm Trung Hiếu","02-09-1998","HAP","Hải Phòng","169","63","0","0","1","0"
"HAP-18","18","Tiền đạo",ST,"Vũ Minh Hiếu","10-02-2002","HAP","Hải Phòng","181","80","0","0","0","0"
"HAP-19","19","Tiền vệ",MF,"Lê Mạnh Dũng","10-02-1994","HAP","Hải Phòng","172","70","0","0","0","0"
"HAP-20","20","Hậu vệ",DF,"Vũ Ngọc Thịnh","08-07-1992","HAP","Hải Phòng","180","75","0","0","0","0"
"HAP-21","21","Hậu vệ",DF,"Nguyễn Hữu Phúc","20-12-1992","HAP","Hải Phòng","175","71","0","0","0","0"
"HAP-22","22","Tiền vệ",MF,"Nguyễn Phú Nguyên","29-10-1995","HAP","Hải Phòng","170","68","0","0","0","0"
"HAP-23","23","Tiền vệ",MF,"Nguyễn Kiên Quyết","14-11-1996","HAP","Hải Phòng","168","61","0","0","0","0"
"HAP-25","25","Thủ môn",GK,"Phạm Văn Luân","12-07-1994","HAP","Hải Phòng","177","73","0","0","0","0"
"HAP-26","26","Thủ môn",GK,"Nguyễn Văn Toản","26-11-1999","HAP","Hải Phòng","187","84","0","0","0","0"
"HAP-28","28","Hậu vệ",DF,"Hoàng Thái Bình","22-01-1998","HAP","Hải Phòng","173","64","0","0","1","0"
"HAP-29","29","Tiền vệ",MF,"Nguyễn Văn Minh","08-02-1999","HAP","Hải Phòng","165","60","0","0","0","0"
"HAP-39","39","Tiền vệ",MF,"Lê Sỹ Minh","23-03-1993","HAP","Hải Phòng","170","65","0","0","0","0"
"HAP-45","45","Tiền vệ",MF,"Nguyễn Thành Đồng","06-02-1995","HAP","Hải Phòng","170","66","0","0","0","0"
"HAP-86","86","Hậu vệ",DF,"Dụng Quang Nho","01-01-2000","HAP","Hải Phòng","171","66","0","0","0","0"
"HAP-91","91","Hậu vệ",DF,"Phạm Hoài Dương","19-06-1994","HAP","Hải Phòng","180","70","0","0","0","0"
"HAP-97","97","Tiền vệ",MF,"Triệu Việt Hưng","19-01-1997","HAP","Hải Phòng","170","65","1","0","0","0"
"GLA-1","1","Thủ môn",GK,"Dương Văn Lợi","02-12-2004","GLA","Hoàng Anh Gia Lai","177","74","0","0","0","0"
"GLA-2","2","Hậu vệ",DF,"Lê Văn Sơn","20-12-1996","GLA","Hoàng Anh Gia Lai","169","62","0","0","0","0"
"GLA-3","3","Hậu vệ",DF,"Kim Dongsu","21-03-1995","GLA","Hoàng Anh Gia Lai","188","84","0","0","1","0"
"GLA-5","5","Hậu vệ",DF,"Trần Hữu Đông Triều","20-08-1995","GLA","Hoàng Anh Gia Lai","174","72","0","0","0","0"
"GLA-6","6","Tiền vệ",MF,"Lương Xuân Trường","28-04-1995","GLA","Hoàng Anh Gia Lai","178","72","0","0","0","0"
"GLA-7","7","Hậu vệ",DF,"Nguyễn Phong Hồng Duy","13-06-1996","GLA","Hoàng Anh Gia Lai","169","68","0","0","1","0"
"GLA-8","8","Tiền vệ",MF,"Trần Minh Vương","28-03-1995","GLA","Hoàng Anh Gia Lai","167","67","0","0","0","0"
"GLA-9","9","Tiền đạo",ST,"Nguyễn Văn Toàn","12-04-1996","GLA","Hoàng Anh Gia Lai","170","62","0","0","1","0"
"GLA-10","10","Tiền đạo",ST,"Nguyễn Công Phượng","21-01-1995","GLA","Hoàng Anh Gia Lai","168","65","0","0","0","0"
"GLA-11","11","Tiền vệ",MF,"Nguyễn Tuấn Anh","16-05-1995","GLA","Hoàng Anh Gia Lai","175","68","0","0","0","0"
"GLA-12","12","Hậu vệ",DF,"Tiêu Ê Xal","14-08-2000","GLA","Hoàng Anh Gia Lai","180","74","0","0","0","0"
"GLA-15","15","Hậu vệ",DF,"Nguyễn Hữu Tuấn","06-05-1992","GLA","Hoàng Anh Gia Lai","178","68","0","0","0","0"
"GLA-17","17","Hậu vệ",DF,"Vũ Văn Thanh","14-04-1996","GLA","Hoàng Anh Gia Lai","172","72","0","0","1","0"
"GLA-20","20","Tiền đạo",ST,"Trần Bảo Toàn","14-07-2000","GLA","Hoàng Anh Gia Lai","169","63","0","0","0","0"
"GLA-21","21","Tiền vệ",MF,"Lê Huy Kiệt","20-10-2003","GLA","Hoàng Anh Gia Lai","168","65","0","0","0","0"
"GLA-22","22","Tiền đạo",ST,"Nguyễn Nhĩ Khang","16-02-2001","GLA","Hoàng Anh Gia Lai","169","63","0","0","0","0"
"GLA-23","23","Hậu vệ",DF,"Nguyễn Thanh Nhân","25-10-2000","GLA","Hoàng Anh Gia Lai","168","65","0","0","0","0"
"GLA-24","24","Tiền vệ",MF,"Nguyễn Đức Việt","01-01-2004","GLA","Hoàng Anh Gia Lai","174","70","0","0","1","0"
"GLA-26","26","Thủ môn",GK,"Huỳnh Tuấn Linh","12-04-1991","GLA","Hoàng Anh Gia Lai","180","80","0","0","0","0"
"GLA-27","27","Hậu vệ",DF,"Nguyễn Văn Triệu","12-04-2004","GLA","Hoàng Anh Gia Lai","188","73","0","0","0","0"
"GLA-28","28","Hậu vệ",DF,"Nguyễn Văn Việt","17-01-1989","GLA","Hoàng Anh Gia Lai","177","75","0","0","0","0"
"GLA-30","30","Tiền đạo",ST,"Washington Brandão Dos Santos","18-08-1990","GLA","Hoàng Anh Gia Lai","184","85","0","0","0","0"
"GLA-34","34","Tiền vệ",MF,"Lê Hữu Phước","07-05-2001","GLA","Hoàng Anh Gia Lai","175","61","0","0","0","0"
"GLA-47","47","Tiền đạo",ST,"Cao Hoàng Tú","06-09-2001","GLA","Hoàng Anh Gia Lai","169","66","0","0","0","0"
"GLA-60","60","Tiền vệ",MF,"Võ Đình Lâm","10-01-2000","GLA","Hoàng Anh Gia Lai","179","68","0","0","0","0"
"GLA-66","66","Hậu vệ",DF,"Lê Đức Lương","18-08-1994","GLA","Hoàng Anh Gia Lai","171","71","0","0","0","0"
"GLA-77","77","Tiền đạo",ST,"Huỳnh Tiến Đạt","26-01-2000","GLA","Hoàng Anh Gia Lai","167","59","0","0","0","0"
"GLA-82","82","Trung vệ",CB,"A Hoàng","31-07-1995","GLA","Hoàng Anh Gia Lai","174","67","0","0","0","0"
"GLA-94","94","Hậu vệ",DF,"Barbosa Teixeira Mauricio","08-12-1994","GLA","Hoàng Anh Gia Lai","198","94","0","0","1","0"
"GLA-95","95","Tiền đạo",ST,"Jefferson Silva dos Santos","10-05-1995","GLA","Hoàng Anh Gia Lai","195","98","0","0","0","0"
"GLA-99","99","Thủ môn",GK,"Lê Văn Trường","25-12-1995","GLA","Hoàng Anh Gia Lai","180","78","0","0","0","0"
"HAT-2","2","Hậu vệ",DF,"Hoàng Ngọc Hào","25-09-1994","HAT","Hồng Lĩnh Hà Tĩnh","168","63","0","0","0","0"
"HAT-3","3","Tiền đạo",ST,"Trần Đức Nam","12-11-1998","HAT","Hồng Lĩnh Hà Tĩnh","178","65","0","0","0","0"
"HAT-4","4","Hậu vệ",DF,"Janclesio Almeida Santos","22-04-1993","HAT","Hồng Lĩnh Hà Tĩnh","196","94","0","0","1","0"
"HAT-6","6","Tiền vệ",MF,"Ngô Xuân Toàn","10-02-1993","HAT","Hồng Lĩnh Hà Tĩnh","168","68","0","0","0","0"
"HAT-7","7","Tiền vệ",MF,"Đinh Thanh Trung","24-01-1988","HAT","Hồng Lĩnh Hà Tĩnh","168","65","0","0","0","0"
"HAT-8","8","Tiền vệ",MF,"Trần Phi Hà","06-01-1996","HAT","Hồng Lĩnh Hà Tĩnh","170","72","0","0","0","0"
"HAT-9","9","Tiền đạo",ST,"Paollo Madeira Oliveira","08-07-1996","HAT","Hồng Lĩnh Hà Tĩnh","189","85","1","0","0","0"
"HAT-10","10","Tiền vệ",MF,"Trần Phi Sơn","14-03-1992","HAT","Hồng Lĩnh Hà Tĩnh","168","70","0","0","0","0"
"HAT-11","11","Tiền vệ",MF,"Nguyễn Văn Hiệp","08-04-1994","HAT","Hồng Lĩnh Hà Tĩnh","171","64","0","0","1","0"
"HAT-14","14","Tiền vệ",MF,"Đào Nhật Minh","27-04-1992","HAT","Hồng Lĩnh Hà Tĩnh","173","68","0","0","0","0"
"HAT-15","15","Hậu vệ",DF,"Trương Trọng Sáng","29-04-1993","HAT","Hồng Lĩnh Hà Tĩnh","183","78","0","0","0","0"
"HAT-16","16","Tiền vệ",MF,"Phạm Văn Long","09-01-1997","HAT","Hồng Lĩnh Hà Tĩnh","170","65","0","0","0","0"
"HAT-17","17","Hậu vệ",DF,"Đào Văn Nam","10-05-1996","HAT","Hồng Lĩnh Hà Tĩnh","181","68","0","0","0","0"
"HAT-18","18","Hậu vệ",DF,"Trịnh Đức Lợi","22-08-1994","HAT","Hồng Lĩnh Hà Tĩnh","181","75","0","0","0","0"
"HAT-19","19","Tiền vệ",MF,"Nguyễn Văn Đức","13-01-1996","HAT","Hồng Lĩnh Hà Tĩnh","168","65","0","0","1","0"
"HAT-20","20","Hậu vệ",DF,"Nguyễn Xuân Hùng","01-02-1991","HAT","Hồng Lĩnh Hà Tĩnh","173","69","0","0","0","0"
"HAT-21","21","Hậu vệ",DF,"Nguyễn Văn Huy","10-07-1998","HAT","Hồng Lĩnh Hà Tĩnh","166","66","0","0","0","0"
"HAT-23","23","Thủ môn",GK,"Phan Đình Vũ Hải","06-06-1994","HAT","Hồng Lĩnh Hà Tĩnh","183","80","0","0","0","0"
"HAT-24","24","Thủ môn",GK,"Dương Tùng Lâm","22-05-1999","HAT","Hồng Lĩnh Hà Tĩnh","180","75","0","0","0","0"
"HAT-25","25","Thủ môn",GK,"Dương Quang Tuấn","20-06-1996","HAT","Hồng Lĩnh Hà Tĩnh","175","71","0","0","0","0"
"HAT-27","27","Tiền vệ",MF,"Giang Trần Quách Tân","08-03-1992","HAT","Hồng Lĩnh Hà Tĩnh","175","60","0","0","0","0"
"HAT-37","37","Tiền vệ",MF,"Trần Văn Công","15-02-1999","HAT","Hồng Lĩnh Hà Tĩnh","176","70","0","0","0","0"
"HAT-67","67","Tiền đạo",ST,"Mohammed Abdul Basit","10-12-1996","HAT","Hồng Lĩnh Hà Tĩnh","178","70","0","0","1","0"
"HAT-77","77","Tiền đạo",ST,"Suraka Zakaria",,"HAT","Hồng Lĩnh Hà Tĩnh","178","75","0","0","1","0"
"HAT-88","88","Tiền vệ",MF,"Nguyễn Trung Học","03-03-1998","HAT","Hồng Lĩnh Hà Tĩnh","172","64","0","0","1","0"
"HAT-97","97","Hậu vệ",DF,"Nguyễn Văn Hạnh","04-04-1998","HAT","Hồng Lĩnh Hà Tĩnh","179","74","0","0","1","0"
"NAD-2","2","Hậu vệ",DF,"Đinh Viết Tú","16-08-1992","NAD","Nam Định","180","78","0","0","1","0"
"NAD-3","3","Hậu vệ",DF,"Phạm Mạnh Hùng","03-03-1993","NAD","Nam Định","173","75","0","0","0","0"
"NAD-5","5","Tiền vệ",MF,"Trần Đăng Đức Anh","15-06-2001","NAD","Nam Định","173","68","0","0","0","0"
"NAD-7","7","Hậu vệ",DF,"Phạm Minh Nghĩa","25-09-1998","NAD","Nam Định","178","71","0","0","0","0"
"NAD-8","8","Tiền vệ",MF,"Nguyễn Đình Sơn","05-05-2001","NAD","Nam Định","174","66","0","0","0","0"
"NAD-9","9","Hậu vệ",DF,"Hoàng Xuân Tân","22-02-2001","NAD","Nam Định","174","66","0","0","0","0"
"NAD-10","10","Tiền vệ",MF,"Trần Mạnh Hùng","17-03-1997","NAD","Nam Định","165","56","0","0","1","0"
"NAD-11","11","Tiền đạo",ST,"Rodrigo Da Silva Dias","26-01-1994","NAD","Nam Định","190","85","0","0","0","0"
"NAD-12","12","Hậu vệ",DF,"Đinh Văn Trường","22-10-1996","NAD","Nam Định","165","55","0","0","0","0"
"NAD-14","14","Tiền vệ",MF,"Marcio de Oliveira Marques","14-04-1995","NAD","Nam Định","175","70","0","1","0","0"
"NAD-16","16","Tiền vệ",MF,"Nguyễn Đình Mạnh","25-04-1998","NAD","Nam Định","174","58","0","0","1","0"
"NAD-17","17","Tiền vệ",MF,"Phan Thế Hưng","21-10-2002","NAD","Nam Định","173","62","0","0","0","0"
"NAD-18","18","Tiền vệ",MF,"Đoàn Thanh Trường","03-11-2000","NAD","Nam Định","170","61","0","0","0","0"
"NAD-19","19","Tiền vệ",MF,"Nguyễn Hữu Định","10-03-1991","NAD","Nam Định","170","67","0","0","0","0"
"NAD-22","22","Thủ môn",GK,"Hồ Văn Tú","22-04-1995","NAD","Nam Định","177","72","0","0","0","0"
"NAD-23","23","Tiền vệ",MF,"Phan Văn Hiếu","23-08-2000","NAD","Nam Định","174","65","0","0","0","0"
"NAD-25","25","Tiền vệ",MF,"Đoàn Văn Nam","08-03-2002","NAD","Nam Định","172","60","0","0","0","0"
"NAD-27","27","Tiền đạo",ST,"Trần Ngọc Sơn","27-01-2003","NAD","Nam Định","175","60","0","0","0","0"
"NAD-28","28","Thủ môn",GK,"Lê Vũ Phong","23-10-2001","NAD","Nam Định","181","58","0","0","0","0"
"NAD-30","30","Tiền vệ",MF,"Vũ Thế Vương","03-01-1994","NAD","Nam Định","156","50","0","0","0","0"
"NAD-34","34","Tiền vệ",MF,"Phạm Văn Soạn","18-03-2002","NAD","Nam Định","168","58","0","0","0","0"
"NAD-35","35","Hậu vệ",DF,"Lê Tuấn Tú","16-07-1993","NAD","Nam Định","176","70","0","0","0","0"
"NAD-38","38","Hậu vệ",DF,"Alisson Pereira Santana","21-08-1993","NAD","Nam Định","186","84","0","0","1","0"
"NAD-39","39","Tiền vệ",MF,"Trần Trung Hiếu","02-02-1993","NAD","Nam Định","176","78","0","0","1","0"
"NAD-56","56","Thủ môn",GK,"Đinh Xuân Việt","10-11-1983","NAD","Nam Định","186","80","0","0","0","0"
"NAD-66","66","Tiền vệ",MF,"Nguyễn Hạ Long","09-03-1994","NAD","Nam Định","170","68","0","0","0","0"
"NAD-68","68","Tiền vệ",MF,"Vũ Hoàng Trà","06-03-2002","NAD","Nam Định","168","58","0","0","0","0"
"NAD-77","77","Tiền đạo",ST,"Mai Xuân Quyết","01-04-1999","NAD","Nam Định","171","68","0","0","0","0"
"NAD-78","78","Tiền đạo",ST,"Vũ Quang Độ","22-05-2000","NAD","Nam Định","165","62","0","0","0","0"
"NAD-82","82","Thủ môn",GK,"Trần Liêm Điều","19-02-2001","NAD","Nam Định","185","74","0","0","0","0"
"NAD-94","94","Tiền đạo",ST,"Đồng Văn Trung","01-03-1994","NAD","Nam Định","180","72","0","0","0","0"
"NAD-99","99","Hậu vệ",DF,"Nguyễn Ngọc Thắng","31-01-2002","NAD","Nam Định","173","62","0","0","0","0"
"SGO-1","1","Thủ môn",GK,"Trần Minh Toàn","21-01-1996","SGO","Sài Gòn","186","85","0","0","0","0"
"SGO-2","2","Hậu vệ",DF,"Trần Gia Nam","18-08-1996","SGO","Sài Gòn","175","65","0","0","0","0"
"SGO-3","3","Hậu vệ",DF,"Nguyễn Nam Anh","01-06-1993","SGO","Sài Gòn","180","73","0","0","1","0"
"SGO-4","4","Hậu vệ",DF,"Lê Cao Hoài An","19-09-1993","SGO","Sài Gòn","180","74","0","0","0","0"
"SGO-5","5","Tiền đạo",ST,"Alex Flavio Santos Luz","21-01-1993","SGO","Sài Gòn","188","80","0","0","0","0"
"SGO-6","6","Tiền vệ",MF,"Lê Vương Minh Nhất","10-03-2000","SGO","Sài Gòn","175","65","0","0","0","0"
"SGO-7","7","Tiền vệ",MF,"Nguyễn Hoàng Quốc Chí","04-12-1991","SGO","Sài Gòn","170","60","0","0","0","0"
"SGO-8","8","Tiền vệ",MF,"Nguyễn Minh Trung","09-12-1992","SGO","Sài Gòn","170","66","0","0","0","0"
"SGO-9","9","Tiền đạo",ST,"Gustavo Santos Costa","25-06-1996","SGO","Sài Gòn","180","78","0","0","0","0"
"SGO-10","10","Tiền vệ",MF,"Andre Filipe Silva Rocha Vieira","13-09-1992","SGO","Sài Gòn","188","78","1","0","0","0"
"SGO-11","11","Tiền đạo",ST,"Nguyễn Việt Phong","23-03-1993","SGO","Sài Gòn","178","73","0","0","0","0"
"SGO-13","13","Thủ môn",GK,"Nguyễn Hoài Anh","10-03-1993","SGO","Sài Gòn","171","74","0","0","0","0"
"SGO-14","14","Hậu vệ",DF,"Nguyễn Văn Đạt","20-05-1998","SGO","Sài Gòn","180","77","0","0","0","0"
"SGO-15","15","Hậu vệ",DF,"Dương Văn Trung","01-03-1997","SGO","Sài Gòn","171","66","0","0","0","0"
"SGO-16","16","Hậu vệ",DF,"Đoàn Anh Việt","15-08-1999","SGO","Sài Gòn","185","74","0","0","0","0"
"SGO-17","17","Tiền vệ",MF,"Lâm Thuận","20-11-1998","SGO","Sài Gòn","170","67","0","0","0","0"
"SGO-18","18","Hậu vệ",DF,"Trần Mạnh Cường","27-01-1993","SGO","Sài Gòn","173","68","0","0","1","0"
"SGO-19","19","Tiền đạo",ST,"Đỗ Merlo","26-01-1985","SGO","Sài Gòn","190","85","1","0","1","0"
"SGO-20","20","Hậu vệ",DF,"Nguyễn Thanh Thụ","01-12-1993","SGO","Sài Gòn","175","67","0","0","0","0"
"SGO-22","22","Hậu vệ",DF,"Nguyễn Quốc Long","19-02-1988","SGO","Sài Gòn","170","65","0","0","0","0"
"SGO-23","23","Tiền vệ",MF,"Cao Văn Triền","18-06-1993","SGO","Sài Gòn","168","62","0","0","0","0"
"SGO-24","24","Hậu vệ",DF,"Phạm Quốc Tuấn","11-01-2001","SGO","Sài Gòn","178","68","0","0","0","0"
"SGO-25","25","Tiền đạo",ST,"Nguyễn Ngọc Hậu","07-06-2001","SGO","Sài Gòn","178","69","0","0","0","0"
"SGO-26","26","Tiền vệ",MF,"Nguyễn Anh Tuấn","28-12-2001","SGO","Sài Gòn","176","68","0","0","0","0"
"SGO-27","27","Tiền vệ",MF,"Bùi Xuân Quý","19-09-1992","SGO","Sài Gòn","170","62","0","0","0","0"
"SGO-28","28","Tiền đạo",ST,"Hoàng Minh Tuấn","26-08-1995","SGO","Sài Gòn","180","69","0","0","0","0"
"SGO-35","35","Thủ môn",GK,"Nguyễn Hoàng Minh Duy","25-05-1998","SGO","Sài Gòn","187","81","0","0","0","0"
"SGO-36","36","Thủ môn",GK,"Phạm Văn Phong","03-06-1993","SGO","Sài Gòn","180","70","0","0","0","0"
"SGO-38","38","Hậu vệ",DF,"Phạm Công Hiển","21-07-1992","SGO","Sài Gòn","161","49","0","0","0","0"
"SGO-39","39","Tiền vệ",MF,"Huỳnh Tấn Tài","17-08-1994","SGO","Sài Gòn","165","64","0","0","1","1"
"SGO-40","40","Hậu vệ",DF,"Ahn Byungkeon","08-09-1988","SGO","Sài Gòn","190","83","0","0","0","0"
"SGO-71","71","Hậu vệ",DF,"Nguyễn Công Thành","26-07-1991","SGO","Sài Gòn","175","66","0","0","0","0"
"SGO-73","73","Tiền vệ",MF,"Nguyễn Hồng Sơn","24-10-2000","SGO","Sài Gòn","167","65","0","0","0","0"
"SGO-77","77","Tiền vệ",MF,"Nguyễn Hữu Sơn","27-09-1996","SGO","Sài Gòn","170","65","0","0","0","0"
"DAN-1","1","Thủ môn",GK,"Phan Văn Biểu","12-03-1998","DAN","SHB Đà Nẵng","175","72","0","0","0","0"
"DAN-2","2","Hậu vệ",DF,"Nguyễn Sỹ Nam","07-03-1993","DAN","SHB Đà Nẵng","170","66","0","0","0","0"
"DAN-4","4","Hậu vệ",DF,"Memovic Damir","19-01-1989","DAN","SHB Đà Nẵng","196","91","0","0","0","0"
"DAN-5","5","Hậu vệ",DF,"Võ Hoàng Quảng","25-05-1987","DAN","SHB Đà Nẵng","174","77","0","0","0","0"
"DAN-6","6","Tiền vệ",MF,"Đặng Anh Tuấn","01-08-1994","DAN","SHB Đà Nẵng","173","66","1","0","1","0"
"DAN-7","7","Tiền vệ",MF,"A Mít","24-07-1997","DAN","SHB Đà Nẵng","170","65","0","0","0","0"
"DAN-8","8","Tiền vệ",MF,"Võ Ngọc Toàn","20-10-1994","DAN","SHB Đà Nẵng","171","65","0","0","0","0"
"DAN-9","9","Tiền đạo",ST,"Ighodaro Osaguona Christian","10-10-190","DAN","SHB Đà Nẵng","194",,"2","0","0","0"
"DAN-10","10","Tiền vệ",MF,"Kone Aboubakar Syriki","03-07-1990","DAN","SHB Đà Nẵng","185",,"0","0","0","0"
"DAN-11","11","Tiền đạo",ST,"Phan Văn Long","01-06-1996","DAN","SHB Đà Nẵng","178","61","0","0","1","0"
"DAN-12","12","Tiền vệ",MF,"Hoàng Minh Tâm","28-10-1990","DAN","SHB Đà Nẵng","170","68","0","0","1","0"
"DAN-13","13","Thủ môn",GK,"Nguyễn Thanh Bình","11-08-1987","DAN","SHB Đà Nẵng","185","80","0","0","0","0"
"DAN-15","15","Tiền vệ",MF,"Phạm Văn Hữu","03-06-2001","DAN","SHB Đà Nẵng",,,"0","0","0","0"
"DAN-17","17","Hậu vệ",DF,"Đặng Tuấn Nghĩa","11-04-1999","DAN","SHB Đà Nẵng","178","70","0","0","0","0"
"DAN-18","18","Tiền đạo",ST,"Phạm Đình Duy","02-04-2002","DAN","SHB Đà Nẵng",,,"0","0","0","0"
"DAN-19","19","Hậu vệ",DF,"Liễu Quang Vinh","30-05-1999","DAN","SHB Đà Nẵng","170","65","0","0","0","0"
"DAN-20","20","Hậu vệ",DF,"Lương Duy Cương","07-11-2001","DAN","SHB Đà Nẵng","180","73","0","0","0","0"
"DAN-21","21","Tiền vệ",MF,"Nguyễn Phi Hoàng","27-03-2003","DAN","SHB Đà Nẵng","172","62","0","0","0","0"
"DAN-22","22","Hậu vệ",DF,"Nguyễn Công Nhật","12-05-1993","DAN","SHB Đà Nẵng","173","63","0","0","0","0"
"DAN-23","23","Tiền vệ",MF,"Nguyễn Viết Thắng","23-05-1994","DAN","SHB Đà Nẵng","165","60","0","0","0","0"
"DAN-24","24","Tiền vệ",MF,"Nguyễn Trọng Nam","17-03-2002","DAN","SHB Đà Nẵng",,,"0","0","0","0"
"DAN-25","25","Tiền đạo",ST,"Đỗ Hữu Minh Quang","15-10-2000","DAN","SHB Đà Nẵng",,,"0","0","0","0"
"DAN-26","26","Thủ môn",GK,"Nguyễn Tuấn Mạnh","31-07-1990","DAN","SHB Đà Nẵng","181","78","0","0","0","0"
"DAN-29","29","Tiền vệ",MF,"Nguyễn Huy Hùng","02-03-1992","DAN","SHB Đà Nẵng","177","71","0","0","0","0"
"DAN-30","30","Thủ môn",GK,"Nguyễn Văn Tiến","30-04-2005","DAN","SHB Đà Nẵng",,,"0","0","0","0"
"DAN-37","37","Tiền vệ",MF,"Nguyễn Văn Ngọ","01-08-1991","DAN","SHB Đà Nẵng","170","63","0","0","0","0"
"DAN-39","39","Hậu vệ",DF,"Phan Đức Lễ","17-10-1993","DAN","SHB Đà Nẵng","177","68","0","0","0","0"
"DAN-43","43","Tiền vệ",MF,"Phạm Nguyên Sa","17-01-1989","DAN","SHB Đà Nẵng","172","68","0","0","0","0"
"DAN-54","54","Tiền vệ",MF,"Nguyễn Tài Lộc","16-12-1989","DAN","SHB Đà Nẵng","171","63","0","0","0","0"
"DAN-67","67","Hậu vệ",DF,"Lâm Quí","18-02-1997","DAN","SHB Đà Nẵng","175","70","0","0","1","0"
"DAN-73","73","Hậu vệ",DF,"Bùi Quang Huy","08-08-2001","DAN","SHB Đà Nẵng",,,"0","0","0","0"
"DAN-77","77","Tiền vệ",MF,"Võ Minh Đan","06-07-2002","DAN","SHB Đà Nẵng",,,"0","0","0","0"
"DAN-79","79","Tiền vệ",MF,"Trần Thanh Tài","19-09-2001","DAN","SHB Đà Nẵng",,,"0","0","0","0"
"DAN-97","97","Hậu vệ",DF,"Lâm Anh Quang","24-04-1991","DAN","SHB Đà Nẵng","180","68","0","0","0","0"
"DAN-99","99","Tiền vệ",MF,"Phùng Lê Cao Sơn","17-05-1999","DAN","SHB Đà Nẵng",,,"0","0","0","0"
"NAN-1","1","Thủ môn",GK,"Nguyễn Văn Việt","12-07-2002","NAN","Sông Lam Nghệ An","180","70","0","0","0","0"
"NAN-2","2","Hậu vệ",DF,"Phạm Thế Nhật","15-02-1991","NAN","Sông Lam Nghệ An","172","66","0","0","0","0"
"NAN-3","3","Hậu vệ",DF,"Quế Ngọc Hải","15-05-1993","NAN","Sông Lam Nghệ An","180","72","1","0","1","0"
"NAN-4","4","Tiền vệ",MF,"Bùi Đình Châu","06-02-1996","NAN","Sông Lam Nghệ An","168","65","0","0","1","0"
"NAN-5","5","Hậu vệ",DF,"Hoàng Văn Khánh","05-04-1995","NAN","Sông Lam Nghệ An","180","75","0","0","1","0"
"NAN-6","6","Tiền vệ",MF,"Hồ Sỹ Sâm","02-09-1993","NAN","Sông Lam Nghệ An","171","70","0","0","0","0"
"NAN-7","7","Tiền vệ",MF,"Phạm Xuân Mạnh","09-02-1996","NAN","Sông Lam Nghệ An","174","68","1","0","0","0"
"NAN-8","8","Tiền đạo",ST,"Hồ Phúc Tịnh","28-08-1994","NAN","Sông Lam Nghệ An","175","68","0","0","0","0"
"NAN-9","9","Tiền vệ",MF,"Nguyễn Trọng Hoàng","14-04-1989","NAN","Sông Lam Nghệ An","169","68","0","0","0","0"
"NAN-10","10","Tiền đạo",ST,"Olaha Michael Onyedikachi","04-07-1997","NAN","Sông Lam Nghệ An","180","72","0","0","0","0"
"NAN-14","14","Tiền vệ",MF,"Nguyễn Văn Việt","06-04-1999","NAN","Sông Lam Nghệ An","173","60","0","0","0","0"
"NAN-15","15","Tiền vệ",MF,"Trần Đình Tiến","09-11-1998","NAN","Sông Lam Nghệ An","170","65","0","0","0","0"
"NAN-16","16","Hậu vệ",DF,"Trần Đình Đồng","20-05-1987","NAN","Sông Lam Nghệ An","172","68","0","0","0","0"
"NAN-18","18","Thủ môn",GK,"Nguyễn Văn Hoàng","17-02-1995","NAN","Sông Lam Nghệ An","182","72","0","0","0","0"
"NAN-19","19","Hậu vệ",DF,"Trường An","30-12-1991","NAN","Sông Lam Nghệ An","182","80","0","0","0","0"
"NAN-20","20","Tiền vệ",MF,"Phan Văn Đức","11-04-1996","NAN","Sông Lam Nghệ An","170","64","1","0","0","0"
"NAN-21","21","Tiền đạo",ST,"Phan Xuân Đại","01-01-2003","NAN","Sông Lam Nghệ An","173","65","0","0","0","0"
"NAN-22","22","Hậu vệ",DF,"Nguyễn Bá Đức","23-05-1998","NAN","Sông Lam Nghệ An","177","66","0","0","0","0"
"NAN-23","23","Tiền vệ",MF,"Đinh Xuân Tiến","10-01-2003","NAN","Sông Lam Nghệ An","171","65","0","0","0","0"
"NAN-24","24","Hậu vệ",DF,"Hồ Khắc Lương","10-01-2001","NAN","Sông Lam Nghệ An","172","68","0","0","0","0"
"NAN-25","25","Thủ môn",GK,"Trần Văn Tiến","26-06-1994","NAN","Sông Lam Nghệ An","184","70","0","0","0","0"
"NAN-26","26","Tiền vệ",MF,"Trần Mạnh Quỳnh","18-01-2001","NAN","Sông Lam Nghệ An","170","65","0","0","0","0"
"NAN-27","27","Tiền vệ",MF,"Nguyễn Xuân Bình","24-05-2001","NAN","Sông Lam Nghệ An","171","65","0","0","1","0"
"NAN-28","28","Thủ môn",GK,"Lê Văn Hùng","06-07-1992","NAN","Sông Lam Nghệ An","180","68","0","0","0","0"
"NAN-29","29","Tiền vệ",MF,"Nguyễn Văn Bách","02-01-2003","NAN","Sông Lam Nghệ An","172","66","0","0","1","0"
"NAN-30","30","Hậu vệ",DF,"Hồ Văn Cường","15-01-2003","NAN","Sông Lam Nghệ An","167","63","0","0","0","0"
"NAN-37","37","Tiền vệ",MF,"Đặng Văn Lắm","06-12-1999","NAN","Sông Lam Nghệ An","170","63","0","0","0","0"
"NAN-66","66","Hậu vệ",DF,"Trần Đình Hoàng","08-12-1991","NAN","Sông Lam Nghệ An","174","68","0","0","0","0"
"NAN-79","79","Hậu vệ",DF,"Mai Sỹ Hoàng","01-01-1999","NAN","Sông Lam Nghệ An","171","60","0","0","0","0"
"NAN-86","86","Hậu vệ",DF,"Thái Bá Sang","21-05-1999","NAN","Sông Lam Nghệ An","176","65","0","0","1","0"
"NAN-90","90","Tiền vệ",MF,"O Ojong Mark Nkongho","25-04-1997","NAN","Sông Lam Nghệ An","180","80","0","0","1","0"
"NAN-91","91","Tiền đạo",ST,"Oseni Ganiyu Bolaji","19-09-1991","NAN","Sông Lam Nghệ An","178","75","0","0","0","0"
"BIDI-1","1","Thủ môn",GK,"Võ Doãn Thục Kha","31-05-1991","BIDI","Topenland Bình Định","173","74","0","0","0","0"
"BIDI-2","2","Hậu vệ",DF,"Nguyễn Tiến Duy","29-04-1991","BIDI","Topenland Bình Định","180","74","0","0","1","0"
"BIDI-3","3","Hậu vệ",DF,"Dương Thanh Hào","23-06-1991","BIDI","Topenland Bình Định","175","72","0","0","0","0"
"BIDI-4","4","Hậu vệ",DF,"Hồ Tấn Tài","06-11-1997","BIDI","Topenland Bình Định","180","77","0","0","0","0"
"BIDI-5","5","Hậu vệ",DF,"Vũ Hữu Quý","10-02-1993","BIDI","Topenland Bình Định","177","72","0","0","0","0"
"BIDI-6","6","Hậu vệ",DF,"Đỗ Thanh Thịnh","18-08-1998","BIDI","Topenland Bình Định","170","68","0","0","0","0"
"BIDI-7","7","Tiền đạo",ST,"Nguyễn Xuân Nam","18-01-1994","BIDI","Topenland Bình Định","180","75","0","0","1","0"
"BIDI-8","8","Tiền vệ",MF,"Mạc Hồng Quân","1992","BIDI","Topenland Bình Định","180","77","0","0","0","0"
"BIDI-9","9","Tiền đạo",ST,"Rafaelson Bezerra Fernandes","30-03-1997","BIDI","Topenland Bình Định","184","97","1","0","0","0"
"BIDI-10","10","Tiền vệ",MF,"Hendrio Araujo Dasilva","16-05-1994","BIDI","Topenland Bình Định","181","75","0","0","0","0"
"BIDI-11","11","Tiền vệ",MF,"Lê Tiến Anh","23-03-1998","BIDI","Topenland Bình Định","165","68","0","0","0","0"
"BIDI-12","12","Tiền đạo",ST,"Jermie Dwayne Lynch","24-03-1991","BIDI","Topenland Bình Định","186","78","1","0","0","0"
"BIDI-14","14","Tiền vệ",MF,"Đỗ Văn Thuận","23-05-1992","BIDI","Topenland Bình Định","167","70","0","0","0","0"
"BIDI-17","17","Hậu vệ",DF,"Lê Ngọc Bảo","29-03-1998","BIDI","Topenland Bình Định","177","75","0","0","0","0"
"BIDI-18","18","Tiền đạo",ST,"Hà Đức Chinh","22-09-1997","BIDI","Topenland Bình Định","175","75","0","0","0","0"
"BIDI-19","19","Hậu vệ",DF,"Adriano Schmidt","09-05-1994","BIDI","Topenland Bình Định","185","79","0","0","0","0"
"BIDI-20","20","Hậu vệ",DF,"Nguyễn Huỳnh Hữu An","16-03-1997","BIDI","Topenland Bình Định","170","65","0","0","0","0"
"BIDI-21","21","Hậu vệ",DF,"Trần Đình Trọng","25-04-1997","BIDI","Topenland Bình Định","174","70","0","0","0","0"
"BIDI-22","22","Tiền vệ",MF,"Trần Văn Trung","27-01-1998","BIDI","Topenland Bình Định","167","60","0","0","0","0"
"BIDI-23","23","Thủ môn",GK,"Vũ Tuyên Quang","05-07-1995","BIDI","Topenland Bình Định","183","62","0","0","0","0"
"BIDI-24","24","Thủ môn",GK,"Nguyễn Mạnh Cường","03-09-1997","BIDI","Topenland Bình Định","183","82","0","0","0","0"
"BIDI-26","26","Thủ môn",GK,"Trần Đình Minh Hoàng","08-01-1993","BIDI","Topenland Bình Định","177","70","0","0","0","0"
"BIDI-28","28","Tiền vệ",MF,"Lý Công Hoàng Anh","01-09-1999","BIDI","Topenland Bình Định","165","67","0","0","0","0"
"BIDI-29","29","Hậu vệ",DF,"Phạm Văn Nam","14-01-1992","BIDI","Topenland Bình Định","177","68","0","0","0","0"
"BIDI-30","30","Hậu vệ",DF,"Vũ Viết Triều","23-02-1997","BIDI","Topenland Bình Định","181","74","0","0","0","0"
"BIDI-31","31","Tiền vệ",MF,"Phan Ngọc Tín","09-03-2004","BIDI","Topenland Bình Định","175","67","0","0","0","0"
"BIDI-32","32","Hậu vệ",DF,"Trần Văn Thái","04-09-2001","BIDI","Topenland Bình Định","175","67","0","0","0","0"
"BIDI-33","33","Tiền đạo",ST,"Đào Gia Việt","20-06-2003","BIDI","Topenland Bình Định","180","74","0","0","0","0"
"BIDI-77","77","Tiền vệ",MF,"Nghiêm Xuân Tú","28-08-1988","BIDI","Topenland Bình Định","174","67","0","0","0","0"
"BIDI-88","88","Tiền vệ",MF,"Phạm Văn Thành","16-03-1994","BIDI","Topenland Bình Định","173","71","0","0","0","0"
"BIDI-91","91","Tiền đạo",ST,"Lê Thanh Bình","08-08-1995","BIDI","Topenland Bình Định","176","69","0","0","0","0"
"BIDI-98","98","Tiền vệ",MF,"Đặng Văn Trâm","02-01-1995","BIDI","Topenland Bình Định","167","62","0","0","1","0"
"HCM-1","1","Thủ môn",GK,"Nguyễn Thanh Thắng","14-12-1988","HCM","TP Hồ Chí Minh","172","65","0","0","0","0"
"HCM-2","2","Hậu vệ",DF,"Ngô Tùng Quốc","27-01-1998","HCM","TP Hồ Chí Minh","172","63","0","0","1","0"
"HCM-3","3","Hậu vệ",DF,"Dương Văn Khoa","06-05-1994","HCM","TP Hồ Chí Minh","170","60","0","0","1","0"
"HCM-4","4","Hậu vệ",DF,"Nguyễn Tăng Tiến","31-01-1994","HCM","TP Hồ Chí Minh","178","73","0","0","0","0"
"HCM-6","6","Tiền vệ",MF,"Võ Ngọc Tỉnh","19-11-1997","HCM","TP Hồ Chí Minh","165","65","0","0","0","0"
"HCM-7","7","Hậu vệ",DF,"Sầm Ngọc Đức","18-05-1992","HCM","TP Hồ Chí Minh","172","68","0","0","0","0"
"HCM-8","8","Tiền vệ",MF,"Trần Thanh Bình","22-12-1993","HCM","TP Hồ Chí Minh","165","64","0","0","0","0"
"HCM-9","9","Tiền vệ",MF,"Ngô Hoàng Thịnh","21-04-1992","HCM","TP Hồ Chí Minh","177","71","0","0","1","0"
"HCM-10","10","Tiền vệ",MF,"Cosendey Lopo Pinto Bruno","25-01-1997","HCM","TP Hồ Chí Minh","185","75","0","0","0","0"
"HCM-11","11","Tiền vệ",MF,"Phạm Trùm Tỉnh","02-05-1995","HCM","TP Hồ Chí Minh","165","60","0","0","0","0"
"HCM-12","12","Hậu vệ",DF,"Bùi Văn Đức","15-03-1997","HCM","TP Hồ Chí Minh","175","72","0","0","0","0"
"HCM-14","14","Tiền vệ",MF,"Phù Trung Phong","08-06-1998","HCM","TP Hồ Chí Minh","170","75","0","0","0","0"
"HCM-16","16","Tiền vệ",MF,"Võ Huy Toàn","15-03-1993","HCM","TP Hồ Chí Minh","168","65","1","0","0","0"
"HCM-17","17","Tiền vệ",MF,"Lâm Ti Phông","01-02-1996","HCM","TP Hồ Chí Minh","170","69","0","0","0","0"
"HCM-18","18","Tiền vệ",MF,"Chu Văn Kiên","12-05-1998","HCM","TP Hồ Chí Minh","165","62","0","0","0","0"
"HCM-20","20","Hậu vệ",DF,"Trần Đình Bảo","18-06-1997","HCM","TP Hồ Chí Minh","175","74","0","0","0","0"
"HCM-21","21","Tiền vệ",MF,"Đào Quốc Gia","25-08-1996","HCM","TP Hồ Chí Minh","177","70","0","0","0","0"
"HCM-23","23","Hậu vệ",DF,"Trần Đình Khương","10-01-1996","HCM","TP Hồ Chí Minh","175","70","0","0","1","0"
"HCM-25","25","Thủ môn",GK,"Phạm Văn Cường","19-07-1990","HCM","TP Hồ Chí Minh","175","72","0","0","0","0"
"HCM-26","26","Hậu vệ",DF,"Thân Thành Tín","30-05-1993","HCM","TP Hồ Chí Minh","173","70","0","0","0","0"
"HCM-27","27","Tiền vệ",MF,"Nguyễn Đoàn Duy Anh","01-07-1995","HCM","TP Hồ Chí Minh","165","62","0","0","0","0"
"HCM-28","28","Thủ môn",GK,"Bùi Tiến Dũng","28-01-1997","HCM","TP Hồ Chí Minh","178","75","0","0","0","0"
"HCM-29","29","Tiền vệ",MF,"Nguyễn Trọng Long","06-01-2000","HCM","TP Hồ Chí Minh","170","68","0","0","0","0"
"HCM-30","30","Tiền đạo",ST,"Hồ Tuấn Tài","16-03-1995","HCM","TP Hồ Chí Minh","172","68","0","0","0","0"
"HCM-39","39","Tiền đạo",ST,"Hoàng Vũ Olaleye Samson","06-10-1988","HCM","TP Hồ Chí Minh","180","73","0","0","0","0"
"HCM-43","43","Hậu vệ",DF,"Da Silva Estevam Brendon Lucas","20-05-1995","HCM","TP Hồ Chí Minh","188","80","0","0","0","0"
"HCM-62","62","Hậu vệ",DF,"Phạm Hoàng Lâm","06-03-1993","HCM","TP Hồ Chí Minh","180","75","0","0","0","0"
"HCM-91","91","Tiền đạo",ST,"Mauricio Plenckauskas Cordeiro","1992","HCM","TP Hồ Chí Minh","189","77","0","0","0","0"
"VTL-1","1","Thủ môn",GK,"Ngô Xuân Sơn","17-01-1997","VTL","Viettel","177","75","0","0","0","0"
"VTL-3","3","Hậu vệ",DF,"Nguyễn Thanh Bình","02-11-2000","VTL","Viettel","180","78","0","0","0","0"
"VTL-4","4","Hậu vệ",DF,"Bùi Tiến Dũng","02-10-1995","VTL","Viettel","172","69","1","0","2","0"
"VTL-5","5","Hậu vệ",DF,"Trương Văn Thiết","07-06-1995","VTL","Viettel","177","68","0","0","1","0"
"VTL-6","6","Tiền vệ",MF,"Đinh Tuấn Tài","08-05-1999","VTL","Viettel","173","70","0","0","0","0"
"VTL-7","7","Tiền đạo",ST,"Venancio Caique","12-07-1993","VTL","Viettel","186","86","0","0","0","0"
"VTL-8","8","Tiền vệ",MF,"Nguyễn Hữu Thắng","19-05-2000","VTL","Viettel","168","63","0","0","0","0"
"VTL-9","9","Tiền vệ",MF,"Trần Ngọc Sơn","29-10-1996","VTL","Viettel","168","65","0","0","0","0"
"VTL-10","10","Tiền đạo",ST,"Pedro Paulo Alves Vieira Dos Reis","10-02-1994","VTL","Viettel","186","78","1","0","0","0"
"VTL-11","11","Tiền vệ",MF,"Abdumuminov Jakhongir","09-02-1993","VTL","Viettel","185","75","0","0","1","0"
"VTL-12","12","Tiền vệ",MF,"Hồ Khắc Ngọc","02-08-1992","VTL","Viettel","166","66","0","0","1","0"
"VTL-14","14","Tiền vệ",MF,"Bùi Quang Khải","19-05-1993","VTL","Viettel","170","63","0","0","0","0"
"VTL-15","15","Tiền vệ",MF,"Nguyễn Xuân Kiên","04-01-2000","VTL","Viettel","170","66","0","0","0","0"
"VTL-16","16","Hậu vệ",DF,"Tống Văn Hợp","10-02-1999","VTL","Viettel","170","68","0","0","0","0"
"VTL-17","17","Tiền vệ",MF,"Nguyễn Đức Hoàng Minh","20-02-1998","VTL","Viettel","166","62","0","0","0","0"
"VTL-18","18","Tiền đạo",ST,"Trần Hoàng Sơn","31-03-1997","VTL","Viettel","180","74","0","0","0","0"
"VTL-19","19","Tiền đạo",ST,"Trần Danh Trung","03-10-2000","VTL","Viettel","176","76","0","0","0","0"
"VTL-20","20","Hậu vệ",DF,"Cao Trần Hoàng Hùng","04-04-1999","VTL","Viettel","178","76","0","0","0","0"
"VTL-21","21","Tiền vệ",MF,"Nguyễn Đức Chiến","24-08-1998","VTL","Viettel","180","77","0","0","0","0"
"VTL-22","22","Tiền đạo",ST,"Nguyễn Sĩ Chiến","02-05-1999","VTL","Viettel","175","68","0","0","0","0"
"VTL-25","25","Thủ môn",GK,"Quàng Thế Tài","10-09-1996","VTL","Viettel","178","76","0","0","0","0"
"VTL-26","26","Thủ môn",GK,"Trần Nguyên Mạnh","20-12-1991","VTL","Viettel","178","75","0","0","0","0"
"VTL-28","28","Tiền đạo",ST,"Nguyễn Hoàng Đức","11-01-1998","VTL","Viettel","183","74","0","0","0","0"
"VTL-29","29","Tiền vệ",MF,"Trương Tiến Anh","25-4-1999","VTL","Viettel","168","68","0","0","1","0"
"VTL-33","33","Tiền đạo",ST,"Dương Văn Hào","15-02-1997","VTL","Viettel","177","76","0","0","0","0"
"VTL-77","77","Tiền vệ",MF,"Nguyễn Trọng Đại","07-04-1997","VTL","Viettel","184","76","0","0","0","0"
"VTL-88","88","Hậu vệ",DF,"Bùi Duy Thường","05-04-1996","VTL","Viettel","167","63","0","0","1","0"
"VTL-94","94","Tiền đạo",ST,"Geovane Mango","14-04-1994","VTL","Viettel","188","75","2","0","1","0"
"VTL-99","99","Tiền đạo",ST,"Nhâm Mạnh Dũng","12-04-2000","VTL","Viettel","178","77","0","0","0","0"
